GPIO,State,Tick,Diff,Time
21,0,1290021969,79946,08:45:04:409090
21,1,1290093574,71605,08:45:04:480650
21,0,1290157414,63840,08:45:04:544258
21,1,1290217804,60390,08:45:04:604825
21,0,1290272479,54675,08:45:04:659427
21,1,1290329579,57100,08:45:04:716992
8,0,1290375044,278375,08:45:04:761770
21,0,1290385134,55555,08:45:04:772238
21,1,1290442539,57405,08:45:04:829847
21,0,1290498575,56036,08:45:04:885462
21,1,1290559335,60760,08:45:04:946371
21,0,1290617880,58545,08:45:05:005375
8,1,1290654745,279701,08:45:05:042047
21,1,1290676740,58860,08:45:05:063538
21,0,1290733590,56850,08:45:05:120464
21,1,1290792710,59120,08:45:05:180378
21,0,1290850006,57296,08:45:05:237304
8,0,1290882061,227316,08:45:05:268898
21,1,1290908991,58985,08:45:05:296459
21,0,1290966276,57285,08:45:05:353330
21,1,1291030771,64495,08:45:05:418344
21,0,1291119181,88410,08:45:05:506593
21,1,1291424962,305781,08:45:05:812501
21,0,1291522307,97345,08:45:05:909915
21,1,1291603963,81656,08:45:05:991154
21,0,1291672858,68895,08:45:06:060280
21,1,1291739533,66675,08:45:06:127320
21,0,1291804518,64985,08:45:06:192305
21,1,1291874403,69885,08:45:06:261368
21,0,1291945638,71235,08:45:06:333421
21,1,1292039588,93950,08:45:06:426743
21,0,1292521645,482057,08:45:06:908810
21,1,1292758815,237170,08:45:07:146564
21,0,1292898696,139881,08:45:07:286452
21,1,1293017501,118805,08:45:07:405063
21,0,1293128936,111435,08:45:07:516543
21,1,1293244397,115461,08:45:07:632015
21,0,1293348732,104335,08:45:07:736446
21,1,1293451622,102890,08:45:07:838859
21,0,1293554257,102635,08:45:07:941297
21,1,1293666128,111871,08:45:08:053862
21,0,1293781348,115220,08:45:08:168470
21,1,1293889763,108415,08:45:08:276940
21,0,1293992354,102591,08:45:08:379336
21,1,1294100969,108615,08:45:08:488844
21,0,1294205184,104215,08:45:08:592226
21,1,1294302289,97105,08:45:08:689585
21,0,1294395980,93691,08:45:08:783931
21,1,1294500685,104705,08:45:08:888338
21,0,1294605095,104410,08:45:08:992714
21,1,1294707360,102265,08:45:09:095098
21,0,1294805161,97801,08:45:09:192413
21,1,1294910791,105630,08:45:09:297844
21,0,1295019061,108270,08:45:09:406245
8,1,1295039441,4157380,08:45:09:426732
8,0,1295061576,22135,08:45:09:449241
8,1,1295084366,22790,08:45:09:471728
8,0,1295105196,20830,08:45:09:492235
8,1,1295125456,20260,08:45:09:512739
21,1,1295125957,106896,08:45:09:514005
8,0,1295150131,24675,08:45:09:537516
8,1,1295174776,24645,08:45:09:562014
8,0,1295196022,21246,08:45:09:583530
8,1,1295218767,22745,08:45:09:606059
21,0,1295234142,108185,08:45:09:621505
8,0,1295242262,23495,08:45:09:629853
8,1,1295267377,25115,08:45:09:654382
8,0,1295289542,22165,08:45:09:676891
8,1,1295312387,22845,08:45:09:699417
21,1,1295326812,92670,08:45:09:713866
8,0,1295337372,24985,08:45:09:725264
8,1,1295362042,24670,08:45:09:749770
21,0,1295387137,60325,08:45:09:774308
8,0,1295390662,28620,08:45:09:777596
8,1,1295416277,25615,08:45:09:804179
8,0,1295441397,25120,08:45:09:828743
21,1,1295441422,54285,08:45:09:828859
8,1,1295462832,21435,08:45:09:850379
8,0,1295489272,26440,08:45:09:876877
21,0,1295491112,49690,08:45:09:878154
8,1,1295513302,24030,08:45:09:900647
8,0,1295538647,25345,08:45:09:926227
21,1,1295544452,53340,08:45:09:931542
8,1,1295562132,23485,08:45:09:949996
8,0,1295588598,26466,08:45:09:976539
21,0,1295595008,50556,08:45:09:982860
8,1,1295611533,22935,08:45:09:999959
8,0,1295637158,25625,08:45:10:024784
21,1,1295646773,51765,08:45:10:034219
8,1,1295662043,24885,08:45:10:049635
8,0,1295687063,25020,08:45:10:074194
21,0,1295695498,48725,08:45:10:082543
8,1,1295712128,25065,08:45:10:099996
8,0,1295734493,22365,08:45:10:121535
21,1,1295745408,49910,08:45:10:132909
8,1,1295759583,25090,08:45:10:147337
8,0,1295784663,25080,08:45:10:171831
21,0,1295791893,46485,08:45:10:179182
8,1,1295809783,25120,08:45:10:197648
8,0,1295834863,25080,08:45:10:222221
21,1,1295840673,48780,08:45:10:228568
8,1,1295861313,26450,08:45:10:249033
8,0,1295885073,23760,08:45:10:272558
21,0,1295887618,46945,08:45:10:274839
8,1,1295910513,25440,08:45:10:298372
21,1,1295936588,48970,08:45:10:323929
8,0,1295940494,29981,08:45:10:328233
8,1,1295963274,22780,08:45:10:350714
21,0,1295981134,44546,08:45:10:368273
8,0,1295988419,25145,08:45:10:375601
8,1,1296013859,25440,08:45:10:401128
21,1,1296026729,45595,08:45:10:414579
8,0,1296038999,25140,08:45:10:426965
8,1,1296062089,23090,08:45:10:449493
21,0,1296070869,44140,08:45:10:458844
8,0,1296087114,25025,08:45:10:474276
8,1,1296112479,25365,08:45:10:499803
21,1,1296117819,46950,08:45:10:505102
8,0,1296137994,25515,08:45:10:525620
21,0,1296159859,42040,08:45:10:547115
8,1,1296162869,24875,08:45:10:550410
8,0,1296187894,25025,08:45:10:574916
21,1,1296202409,42550,08:45:10:590355
8,1,1296213044,25150,08:45:10:600713
8,0,1296238744,25700,08:45:10:626328
21,0,1296243234,40825,08:45:10:630616
8,1,1296263534,24790,08:45:10:651069
21,1,1296287119,43885,08:45:10:674596
8,0,1296289534,26000,08:45:10:676882
8,1,1296310439,20905,08:45:10:698371
21,0,1296329179,42060,08:45:10:716868
8,0,1296335054,24615,08:45:10:722188
8,1,1296360600,25546,08:45:10:747723
21,1,1296372035,42856,08:45:10:759131
8,0,1296380815,20215,08:45:10:768509
8,1,1296401540,20725,08:45:10:788975
21,0,1296413085,41050,08:45:10:800359
8,0,1296424085,22545,08:45:10:811727
8,1,1296447230,23145,08:45:10:834299
21,1,1296454720,41635,08:45:10:842677
8,0,1296471665,24435,08:45:10:859138
21,0,1296493640,38920,08:45:10:880652
8,1,1296496905,25240,08:45:10:883938
8,0,1296522010,25105,08:45:10:909472
21,1,1296534945,41305,08:45:10:922912
8,1,1296547310,25300,08:45:10:934323
8,0,1296570950,23640,08:45:10:958839
21,0,1296575035,40090,08:45:10:962118
8,1,1296595880,24930,08:45:10:983614
21,1,1296617170,42135,08:45:11:005102
8,0,1296621025,25145,08:45:11:008396
8,1,1296645425,24400,08:45:11:032950
21,0,1296656940,39770,08:45:11:044339
8,0,1296665915,20490,08:45:11:053691
8,1,1296690615,24700,08:45:11:078227
21,1,1296699490,42550,08:45:11:086584
8,0,1296713315,22700,08:45:11:100987
8,1,1296738620,25305,08:45:11:126570
21,0,1296741720,42230,08:45:11:128857
8,0,1296760411,21791,08:45:11:148343
8,1,1296782426,22015,08:45:11:169815
21,1,1296786491,44771,08:45:11:174148
8,0,1296805221,22795,08:45:11:192619
21,0,1296828771,42280,08:45:11:216114
8,1,1296829191,23970,08:45:11:217386
8,0,1296851291,22100,08:45:11:238913
21,1,1296873161,44390,08:45:11:260437
8,1,1296875506,24215,08:45:11:262707
8,0,1296900461,24955,08:45:11:288249
21,0,1296915756,42595,08:45:11:303666
8,1,1296925811,25350,08:45:11:313031
8,0,1296950096,24285,08:45:11:337743
21,1,1296961056,45300,08:45:11:348133
8,1,1296977586,27490,08:45:11:365593
21,0,1297004311,43255,08:45:11:392160
8,0,1297004976,27390,08:45:11:392268
8,1,1297028816,23840,08:45:11:416765
21,1,1297049341,45030,08:45:11:437280
8,0,1297050676,21860,08:45:11:438545
8,1,1297073431,22755,08:45:11:461037
21,0,1297092027,42686,08:45:11:479521
8,0,1297107591,34160,08:45:11:494944
8,1,1297129491,21900,08:45:11:517470
21,1,1297136966,44939,08:45:11:524843
8,0,1297158821,29330,08:45:11:546343
21,0,1297179142,42176,08:45:11:566812
8,1,1297183907,25086,08:45:11:571114
8,0,1297208022,24115,08:45:11:595644
21,1,1297222887,43745,08:45:11:610051
8,1,1297231162,23140,08:45:11:618393
8,0,1297255007,23845,08:45:11:642941
21,0,1297264442,41555,08:45:11:652307
8,1,1297279042,24035,08:45:11:666702
8,0,1297302302,23260,08:45:11:690224
21,1,1297308792,44350,08:45:11:696572
8,1,1297325112,22810,08:45:11:712993
8,0,1297347727,22615,08:45:11:735537
21,0,1297350447,41655,08:45:11:737818
8,1,1297373872,26145,08:45:11:761297
8,0,1297394092,20220,08:45:11:781715
21,1,1297395252,44805,08:45:11:782981
8,1,1297417562,23470,08:45:11:805447
21,0,1297438562,43310,08:45:11:825992
8,0,1297441177,23615,08:45:11:828294
8,1,1297462052,20875,08:45:11:849763
21,1,1297484432,45870,08:45:11:872295
8,0,1297490877,28825,08:45:11:878627
8,1,1297515547,24670,08:45:11:903157
21,0,1297525948,41516,08:45:11:913519
8,0,1297538313,22766,08:45:11:925960
8,1,1297562603,24290,08:45:11:950539
21,1,1297569158,43210,08:45:11:956879
8,0,1297588428,25825,08:45:11:976351
21,0,1297610943,41785,08:45:11:998850
8,1,1297611663,23235,08:45:11:998986
8,0,1297636013,24350,08:45:12:023569
21,1,1297654553,43610,08:45:12:042034
8,1,1297660583,24570,08:45:12:048363
8,0,1297690288,29705,08:45:12:077948
21,0,1297695058,40505,08:45:12:082268
8,1,1297713318,23030,08:45:12:100722
21,1,1297736648,41590,08:45:12:124362
8,0,1297740738,27420,08:45:12:128676
8,1,1297762723,21985,08:45:12:150164
21,0,1297776623,39975,08:45:12:164605
8,0,1297788373,25650,08:45:12:176045
8,1,1297812368,23995,08:45:12:200360
21,1,1297819028,42405,08:45:12:206688
8,0,1297837458,25090,08:45:12:225192
21,0,1297858848,39820,08:45:12:246690
8,1,1297862128,24670,08:45:12:249973
8,0,1297887114,24986,08:45:12:274506
21,1,1297900223,41375,08:45:12:287909
8,1,1297911718,24604,08:45:12:299289
8,0,1297933989,22271,08:45:12:321787
21,0,1297940709,40486,08:45:12:328153
8,1,1297955124,21135,08:45:12:342570
8,0,1297980049,24925,08:45:12:367116
21,1,1297983939,43230,08:45:12:371416
8,1,1298005229,25180,08:45:12:392903
21,0,1298024309,40370,08:45:12:411409
8,0,1298030314,25085,08:45:12:417724
8,1,1298056999,26685,08:45:12:444330
21,1,1298067424,43115,08:45:12:454709
8,0,1298082144,25145,08:45:12:470138
8,1,1298105374,23230,08:45:12:492633
21,0,1298108699,41275,08:45:12:495966
8,0,1298130509,25135,08:45:12:518490
21,1,1298153384,44685,08:45:12:541020
8,1,1298154249,23740,08:45:12:542292
8,0,1298179569,25320,08:45:12:566808
21,0,1298195014,41630,08:45:12:582245
8,1,1298201359,21790,08:45:12:588568
8,0,1298226084,24725,08:45:12:614082
21,1,1298238699,43685,08:45:12:626486
8,1,1298251194,25110,08:45:12:638896
8,0,1298275389,24195,08:45:12:663441
21,0,1298280759,42060,08:45:12:668761
8,1,1298302864,27475,08:45:12:690253
21,1,1298324430,43671,08:45:12:711755
8,0,1298325154,22290,08:45:12:713015
8,1,1298349789,24635,08:45:12:737611
21,0,1298365920,41490,08:45:12:753034
8,0,1298374545,24756,08:45:12:762396
8,1,1298402180,27635,08:45:12:789930
21,1,1298409160,43240,08:45:12:796263
8,0,1298424580,22400,08:45:12:812707
8,1,1298449670,25090,08:45:12:837260
21,0,1298451760,42600,08:45:12:839551
8,0,1298471115,21445,08:45:12:859045
8,1,1298495430,24315,08:45:12:882591
21,1,1298496885,45125,08:45:12:884869
8,0,1298515805,20375,08:45:12:903331
8,1,1298539220,23415,08:45:12:926830
21,0,1298539695,42810,08:45:12:926939
8,0,1298563575,24355,08:45:12:951470
21,1,1298584575,44880,08:45:12:971933
8,1,1298588960,25385,08:45:12:976237
8,0,1298612415,23455,08:45:12:999759
21,0,1298627940,43365,08:45:13:015189
8,1,1298640350,27935,08:45:13:027586
8,0,1298663795,23445,08:45:13:051197
21,1,1298672695,44755,08:45:13:060578
8,1,1298688990,25195,08:45:13:077009
8,0,1298712160,23170,08:45:13:099523
21,0,1298714210,41515,08:45:13:101802
8,1,1298738360,26200,08:45:13:126336
21,1,1298757121,42911,08:45:13:144831
8,0,1298762566,24206,08:45:13:150162
8,1,1298789326,26760,08:45:13:176713
21,0,1298798656,41535,08:45:13:186101
8,0,1298809561,20235,08:45:13:197477
8,1,1298838476,28915,08:45:13:226058
21,1,1298842566,43910,08:45:13:230377
8,0,1298863686,25210,08:45:13:250853
21,0,1298883956,41390,08:45:13:271353
8,1,1298887681,23995,08:45:13:275660
8,0,1298912826,25145,08:45:13:300167
21,1,1298927121,43165,08:45:13:314590
8,1,1298940551,27725,08:45:13:327985
8,0,1298966491,25940,08:45:13:354588
21,0,1298969046,41925,08:45:13:356902
8,1,1298991696,25205,08:45:13:379524
8,0,1299012326,20630,08:45:13:400035
21,1,1299013626,44580,08:45:13:401302
8,1,1299036901,24575,08:45:13:424815
21,0,1299054361,40735,08:45:13:442323
8,0,1299061701,24800,08:45:13:449655
8,1,1299082486,20785,08:45:13:470141
21,1,1299097286,42925,08:45:13:484581
8,0,1299107046,24560,08:45:13:494938
8,1,1299137867,30821,08:45:13:525530
21,0,1299139722,42436,08:45:13:527808
8,0,1299163072,25205,08:45:13:550361
21,1,1299184762,45040,08:45:13:572839
8,1,1299190842,27770,08:45:13:578160
8,0,1299212127,21285,08:45:13:599654
21,0,1299226947,42185,08:45:13:614059
8,1,1299239967,27840,08:45:13:627491
8,0,1299265202,25235,08:45:13:653045
21,1,1299270627,43680,08:45:13:658373
8,1,1299287122,21920,08:45:13:674801
8,0,1299307962,20840,08:45:13:695273
21,0,1299312442,41815,08:45:13:699577
8,1,1299328447,20485,08:45:13:716007
8,0,1299355317,26870,08:45:13:742643
21,1,1299356662,44220,08:45:13:743912
8,1,1299380122,24805,08:45:13:767425
21,0,1299398262,41600,08:45:13:785871
8,0,1299405972,25850,08:45:13:793232
8,1,1299428317,22345,08:45:13:815764
21,1,1299441287,43025,08:45:13:829169
8,0,1299455462,27145,08:45:13:843625
21,0,1299482627,41340,08:45:13:870195
8,1,1299486322,30860,08:45:13:873484
8,0,1299509112,22790,08:45:13:896988
21,1,1299526073,43446,08:45:13:913441
8,1,1299532138,23026,08:45:13:919756
8,0,1299557443,25305,08:45:13:945323
21,0,1299567168,41095,08:45:13:954664
8,1,1299587328,29885,08:45:13:975149
21,1,1299610523,43355,08:45:13:997702
8,0,1299611123,23795,08:45:13:998985
8,1,1299636323,25200,08:45:14:023525
21,0,1299653698,43175,08:45:14:041019
8,0,1299657638,21315,08:45:14:045330
8,1,1299679508,21870,08:45:14:066830
21,1,1299698743,45045,08:45:14:086310
8,0,1299699683,20175,08:45:14:087573
8,1,1299724588,24905,08:45:14:112081
21,0,1299740573,41830,08:45:14:128528
8,0,1299746313,21725,08:45:14:133836
8,1,1299770983,24670,08:45:14:158418
21,1,1299784078,43505,08:45:14:171843
8,0,1299796049,25066,08:45:14:183221
8,1,1299820773,24724,08:45:14:208755
21,0,1299824808,40730,08:45:14:212044
8,0,1299840973,20200,08:45:14:228491
8,1,1299863858,22885,08:45:14:252032
21,1,1299868088,43280,08:45:14:255354
8,0,1299888878,25020,08:45:14:276840
21,0,1299909033,40945,08:45:14:296304
8,1,1299912319,23441,08:45:14:299592
8,0,1299934209,21890,08:45:14:322082
21,1,1299951884,42851,08:45:14:339590
8,1,1299959329,25120,08:45:14:346917
8,0,1299982999,23670,08:45:14:370441
21,0,1299992669,40785,08:45:14:380802
8,1,1300006759,23760,08:45:14:394192
8,0,1300031904,25145,08:45:14:419733
21,1,1300035919,43250,08:45:14:424028
8,1,1300056994,25090,08:45:14:444570
21,0,1300076774,40855,08:45:14:464042
8,0,1300079874,22880,08:45:14:467364
8,1,1300106379,26505,08:45:14:493907
21,1,1300120084,43310,08:45:14:508330
8,0,1300133249,26870,08:45:14:520722
8,1,1300156629,23380,08:45:14:544290
21,0,1300162289,42205,08:45:14:549622
8,0,1300186234,29605,08:45:14:574147
21,1,1300204094,41805,08:45:14:591615
8,1,1300211349,25115,08:45:14:598948
8,0,1300233074,21725,08:45:14:620451
21,0,1300241624,37530,08:45:14:629818
8,1,1300255454,22380,08:45:14:643254
21,1,1300280819,39195,08:45:14:668804
8,0,1300281189,25735,08:45:14:668913
8,1,1300305859,24670,08:45:14:693432
21,0,1300319054,38235,08:45:14:706835
8,0,1300330329,24470,08:45:14:718180
8,1,1300354715,24386,08:45:14:742757
21,1,1300360245,41191,08:45:14:748102
8,0,1300379870,25155,08:45:14:767586
21,0,1300400025,39780,08:45:14:788078
8,1,1300405490,25620,08:45:14:793395
8,0,1300426210,20720,08:45:14:813859
21,1,1300443190,43165,08:45:14:831295
8,1,1300449090,22880,08:45:14:836602
8,0,1300471335,22245,08:45:14:859121
21,0,1300484350,41160,08:45:14:872546
8,1,1300495330,23995,08:45:14:882916
8,0,1300520060,24730,08:45:14:907464
21,1,1300526060,41710,08:45:14:913792
8,1,1300540530,20470,08:45:14:928235
21,0,1300564215,38155,08:45:14:951802
8,0,1300564825,24295,08:45:14:953066
8,1,1300588110,23285,08:45:14:975546
21,1,1300605640,41425,08:45:14:992982
8,0,1300611495,23385,08:45:14:999305
8,1,1300636685,25190,08:45:15:023850
21,0,1300646845,41205,08:45:15:034216
8,0,1300661780,25095,08:45:15:049677
8,1,1300682530,20750,08:45:15:070163
21,1,1300690710,43865,08:45:15:078540
8,0,1300705205,22675,08:45:15:092936
8,1,1300728960,23755,08:45:15:116508
21,0,1300730865,40155,08:45:15:118784
8,0,1300753336,24376,08:45:15:141264
21,1,1300771326,40461,08:45:15:158770
8,1,1300773986,20650,08:45:15:162053
8,0,1300799426,25440,08:45:15:187602
21,0,1300809026,37700,08:45:15:196951
8,1,1300824276,24850,08:45:15:212391
8,0,1300845656,21380,08:45:15:232877
21,1,1300848646,39620,08:45:15:236174
8,1,1300870851,25195,08:45:15:258709
21,0,1300886786,38140,08:45:15:274165
8,0,1300895966,25115,08:45:15:283544
8,1,1300920751,24785,08:45:15:308088
21,1,1300927886,41100,08:45:15:315436
8,0,1300945331,24580,08:45:15:332886
21,0,1300968161,40275,08:45:15:355435
8,1,1300972606,27275,08:45:15:360758
8,0,1300997751,25145,08:45:15:385285
21,1,1301011481,43320,08:45:15:399706
8,1,1301022896,25145,08:45:15:410097
8,0,1301046091,23195,08:45:15:433617
21,0,1301052216,40735,08:45:15:439937
8,1,1301071516,25425,08:45:15:459450
21,1,1301093056,40840,08:45:15:480940
8,0,1301095456,23940,08:45:15:483208
8,1,1301118977,23521,08:45:15:506743
21,0,1301131412,38356,08:45:15:519152
8,0,1301140697,21720,08:45:15:528514
8,1,1301162072,21375,08:45:15:550028
21,1,1301171397,39985,08:45:15:559400
8,0,1301190487,28415,08:45:15:577849
21,0,1301210417,39020,08:45:15:598334
8,1,1301212072,21585,08:45:15:599592
8,0,1301237772,25700,08:45:15:625109
21,1,1301252647,42230,08:45:15:640562
8,1,1301262982,25210,08:45:15:650958
8,0,1301286922,23940,08:45:15:674501
21,0,1301293952,41305,08:45:15:681836
8,1,1301311772,24850,08:45:15:699287
21,1,1301337287,43335,08:45:15:724829
8,0,1301339147,27375,08:45:15:727116
8,1,1301362262,23115,08:45:15:749638
21,0,1301377142,39855,08:45:15:765054
8,0,1301386792,24530,08:45:15:774414
8,1,1301407812,21020,08:45:15:795938
21,1,1301418197,41055,08:45:15:806201
8,0,1301432902,25090,08:45:15:820596
8,1,1301454242,21340,08:45:15:842056
21,0,1301457142,38945,08:45:15:845336
8,0,1301479347,25105,08:45:15:867023
21,1,1301496512,39370,08:45:15:884617
8,1,1301504523,25176,08:45:15:892028
8,0,1301529728,25205,08:45:15:917763
21,0,1301534353,37841,08:45:15:922133
8,1,1301554343,24615,08:45:15:941863
21,1,1301574948,40595,08:45:15:962533
8,0,1301579498,25155,08:45:15:966838
8,1,1301604638,25140,08:45:15:992338
21,0,1301613798,38850,08:45:16:001685
8,0,1301629788,25150,08:45:16:017087
21,1,1301654248,40450,08:45:16:041577
8,1,1301655198,25410,08:45:16:042832
8,0,1301675613,20415,08:45:16:063319
21,0,1301692353,38105,08:45:16:079731
8,1,1301700703,25090,08:45:16:088094
8,0,1301720953,20250,08:45:16:108551
21,1,1301733453,41100,08:45:16:120918
8,1,1301741173,20220,08:45:16:129251
8,0,1301767848,26675,08:45:16:155790
21,0,1301773313,39860,08:45:16:161122
8,1,1301791998,24150,08:45:16:179549
21,1,1301814628,41315,08:45:16:202023
8,0,1301816353,24355,08:45:16:204286
8,1,1301841643,25290,08:45:16:229778
21,0,1301852588,37960,08:45:16:240142
8,0,1301863648,22005,08:45:16:251501
8,1,1301887608,23960,08:45:16:274983
21,1,1301891794,39206,08:45:16:279298
8,0,1301910338,22730,08:45:16:297723
21,0,1301929609,37815,08:45:16:317197
8,1,1301936609,26271,08:45:16:324517
8,0,1301957859,21250,08:45:16:345998
21,1,1301970949,41340,08:45:16:358410
8,1,1301978834,20975,08:45:16:366770
8,0,1302006359,27525,08:45:16:394286
21,0,1302010349,39400,08:45:16:398575
8,1,1302032864,26505,08:45:16:421043
21,1,1302051289,40940,08:45:16:439476
8,0,1302055779,22915,08:45:16:443766
8,1,1302078679,22900,08:45:16:466297
21,0,1302090564,39275,08:45:16:478674
8,0,1302106089,27410,08:45:16:494066
8,1,1302128969,22880,08:45:16:516552
21,1,1302132384,41820,08:45:16:519842
8,0,1302150649,21680,08:45:16:538278
21,0,1302170889,38505,08:45:16:558758
8,1,1302175109,24460,08:45:16:563049
8,0,1302200334,25225,08:45:16:588551
21,1,1302210669,39780,08:45:16:598904
8,1,1302225394,25060,08:45:16:613293
8,0,1302248359,22965,08:45:16:635767
21,0,1302249854,39185,08:45:16:638037
8,1,1302271764,23405,08:45:16:659531
21,1,1302290980,41126,08:45:16:678979
8,0,1302296945,25181,08:45:16:684278
8,1,1302322380,25435,08:45:16:709773
21,0,1302329390,38410,08:45:16:717097
8,0,1302347095,24715,08:45:16:734514
21,1,1302369050,39660,08:45:16:757025
8,1,1302372285,25190,08:45:16:760309
8,0,1302397430,25145,08:45:16:784798
21,0,1302407345,38295,08:45:16:795182
8,1,1302421395,23965,08:45:16:809571
8,0,1302445420,24025,08:45:16:833052
21,1,1302448020,40675,08:45:16:835324
8,1,1302466056,20636,08:45:16:853749
21,0,1302486570,38550,08:45:16:874267
8,0,1302487670,21614,08:45:16:875531
8,1,1302513045,25375,08:45:16:901027
21,1,1302526540,39970,08:45:16:914418
8,0,1302537040,23995,08:45:16:924763
8,1,1302562110,25070,08:45:16:950303
21,0,1302564895,38355,08:45:16:952570
8,0,1302582670,20560,08:45:16:970012
21,1,1302604200,39305,08:45:16:991489
8,1,1302606990,24320,08:45:16:994765
8,0,1302632250,25260,08:45:17:020289
21,0,1302641425,37225,08:45:17:028738
8,1,1302655150,22900,08:45:17:043158
8,0,1302680560,25410,08:45:17:068705
21,1,1302680585,39160,08:45:17:068816
8,1,1302705146,24586,08:45:17:093317
21,0,1302718921,38336,08:45:17:106704
8,0,1302730116,24970,08:45:17:118088
8,1,1302755246,25130,08:45:17:142583
21,1,1302759341,40420,08:45:17:146874
8,0,1302778426,23180,08:45:17:166350
21,0,1302796491,37150,08:45:17:184782
8,1,1302804686,26260,08:45:17:192128
8,0,1302829801,25115,08:45:17:217635
21,1,1302834891,38400,08:45:17:222935
8,1,1302855976,26175,08:45:17:243384
21,0,1302872051,37160,08:45:17:259824
8,0,1302878771,22795,08:45:17:266138
8,1,1302904821,26050,08:45:17:292688
21,1,1302911451,39400,08:45:17:299008
8,0,1302928821,24000,08:45:17:316417
21,0,1302948571,37120,08:45:17:335852
8,1,1302949736,20915,08:45:17:337145
8,0,1302974821,25085,08:45:17:362678
21,1,1302988002,39431,08:45:17:376079
8,1,1303000496,25675,08:45:17:388457
8,0,1303024581,24085,08:45:17:411941
21,0,1303025751,37749,08:45:17:413194
8,1,1303046851,22270,08:45:17:434648
21,1,1303065866,40115,08:45:17:454087
8,0,1303069977,23126,08:45:17:457371
8,1,1303095062,25085,08:45:17:482914
21,0,1303103527,37661,08:45:17:491257
8,0,1303122567,27505,08:45:17:510698
21,1,1303143382,39855,08:45:17:531156
8,1,1303147352,24785,08:45:17:535448
8,0,1303170747,23395,08:45:17:558930
21,0,1303181237,37855,08:45:17:569324
8,1,1303195657,24910,08:45:17:583710
8,0,1303220062,24405,08:45:17:608197
21,1,1303221712,40475,08:45:17:609451
8,1,1303243197,23135,08:45:17:630905
21,0,1303259647,37935,08:45:17:647349
8,0,1303268362,25165,08:45:17:656685
8,1,1303290492,22130,08:45:17:678212
21,1,1303300092,40445,08:45:17:687550
8,0,1303315732,25240,08:45:17:703960
21,0,1303339617,39525,08:45:17:727439
8,1,1303340942,25210,08:45:17:728690
8,0,1303362407,21465,08:45:17:750154
21,1,1303381507,41890,08:45:17:769626
8,1,1303387577,25170,08:45:17:774920
8,0,1303411632,24055,08:45:17:799408
21,0,1303420162,38655,08:45:17:807764
8,1,1303438957,27325,08:45:17:827211
21,1,1303459482,39320,08:45:17:847653
8,0,1303460477,21520,08:45:17:848905
8,1,1303482968,22491,08:45:17:870398
21,0,1303497348,37866,08:45:17:884790
8,0,1303507798,24830,08:45:17:895167
8,1,1303528373,20575,08:45:17:916626
21,1,1303538073,40725,08:45:17:925995
8,0,1303555548,27175,08:45:17:943414
21,0,1303577488,39415,08:45:17:964908
8,1,1303580903,25355,08:45:17:969199
8,0,1303605833,24930,08:45:17:993688
21,1,1303617778,40290,08:45:18:006119
8,1,1303626923,21090,08:45:18:014450
8,0,1303655263,28340,08:45:18:042983
21,0,1303655438,37660,08:45:18:043091
8,1,1303680378,25115,08:45:18:068633
21,1,1303694848,39410,08:45:18:083023
8,0,1303704878,24500,08:45:18:092365
8,1,1303729638,24760,08:45:18:117868
21,0,1303732233,37385,08:45:18:120141
8,0,1303754703,25065,08:45:18:142602
21,1,1303772183,39950,08:45:18:160016
8,1,1303777868,23165,08:45:18:165344
8,0,1303803013,25145,08:45:18:190832
21,0,1303811133,38950,08:45:18:199169
8,1,1303828213,25200,08:45:18:216585
21,1,1303851533,40400,08:45:18:239079
8,0,1303853338,25125,08:45:18:241350
8,1,1303878524,25186,08:45:18:265856
21,0,1303888564,37031,08:45:18:276251
8,0,1303903759,25235,08:45:18:291640
21,1,1303927614,39050,08:45:18:315141
8,1,1303928789,25030,08:45:18:316407
8,0,1303953889,25100,08:45:18:341902
21,0,1303965134,37520,08:45:18:353259
8,1,1303978979,25090,08:45:18:366667
8,0,1304004154,25175,08:45:18:392160
21,1,1304004174,39040,08:45:18:392267
8,1,1304028884,24730,08:45:18:416756
21,0,1304040914,36740,08:45:18:429125
8,0,1304054099,25215,08:45:18:441488
21,1,1304078934,38020,08:45:18:467019
8,1,1304079369,25270,08:45:18:467124
8,0,1304104484,25115,08:45:18:492650
21,0,1304115044,36110,08:45:18:503024
8,1,1304129754,25270,08:45:18:517423
21,1,1304153634,38590,08:45:18:541908
8,0,1304154709,24955,08:45:18:543191
8,1,1304179924,25215,08:45:18:567709
21,0,1304190119,36485,08:45:18:578100
8,0,1304205064,25140,08:45:18:592491
21,1,1304228194,38075,08:45:18:615983
8,1,1304229799,24735,08:45:18:617243
8,0,1304255029,25230,08:45:18:642734
21,0,1304263525,35331,08:45:18:651067
8,1,1304279619,24590,08:45:18:667511
21,1,1304300925,37400,08:45:18:688970
8,0,1304304820,25201,08:45:18:692251
8,1,1304329400,24580,08:45:18:717745
21,0,1304335440,34515,08:45:18:723043
8,0,1304353635,24235,08:45:18:741471
21,1,1304372230,36790,08:45:18:759900
8,1,1304378845,25210,08:45:18:767217
8,0,1304404040,25195,08:45:18:791702
21,0,1304407415,35185,08:45:18:794985
8,1,1304429160,25120,08:45:18:817455
21,1,1304444415,37000,08:45:18:831846
8,0,1304451710,22550,08:45:18:839162
8,1,1304474060,22350,08:45:18:861630
21,0,1304479655,35240,08:45:18:867969
8,0,1304499175,25115,08:45:18:887407
21,1,1304517550,37895,08:45:18:905860
8,1,1304524295,25120,08:45:18:912207
8,0,1304547055,22760,08:45:18:934674
21,0,1304554495,36945,08:45:18:941995
8,1,1304570515,23460,08:45:18:958405
21,1,1304593240,38745,08:45:18:980871
8,0,1304595630,25115,08:45:18:983155
8,1,1304620745,25115,08:45:19:008655
21,0,1304629880,36640,08:45:19:018000
8,0,1304645475,24730,08:45:19:033427
21,1,1304667395,37515,08:45:19:054877
8,1,1304670475,25000,08:45:19:058160
8,0,1304695471,24996,08:45:19:083704
21,0,1304703251,35856,08:45:19:091030
8,1,1304716911,21440,08:45:19:104406
21,1,1304741391,38140,08:45:19:128882
8,0,1304742022,25111,08:45:19:130134
8,1,1304767226,25204,08:45:19:155623
21,0,1304776211,34820,08:45:19:163953
8,0,1304791456,24230,08:45:19:179382
21,1,1304812961,36750,08:45:19:200837
8,1,1304816606,25150,08:45:19:204110
8,0,1304841651,25045,08:45:19:229588
21,0,1304849281,36320,08:45:19:236980
8,1,1304863971,22320,08:45:19:252378
21,1,1304888221,38940,08:45:19:275865
8,0,1304889121,25150,08:45:19:277177
8,1,1304914316,25195,08:45:19:301673
21,0,1304924631,36410,08:45:19:313030
8,0,1304939556,25240,08:45:19:327423
21,1,1304962741,38110,08:45:19:350901
8,1,1304964731,25175,08:45:19:352152
8,0,1304989956,25225,08:45:19:377679
21,0,1304999581,36840,08:45:19:387026
8,1,1305015106,25150,08:45:19:403428
21,1,1305037702,38121,08:45:19:425889
8,0,1305040396,25290,08:45:19:428200
8,1,1305063656,23260,08:45:19:451670
21,0,1305072047,34345,08:45:19:460008
8,0,1305088867,25211,08:45:19:476451
21,1,1305107677,35630,08:45:19:495888
8,1,1305113862,24995,08:45:19:502160
8,0,1305138212,24350,08:45:19:525683
21,0,1305142312,34635,08:45:19:529984
8,1,1305162777,24565,08:45:19:550453
21,1,1305179787,37475,08:45:19:567925
8,0,1305188008,25231,08:45:19:576417
8,1,1305212217,24209,08:45:19:600178
21,0,1305214922,35135,08:45:19:602514
8,0,1305237482,25265,08:45:19:625200
21,1,1305251697,36775,08:45:19:639752
8,1,1305262627,25145,08:45:19:650225
21,0,1305286422,34725,08:45:19:674016
8,0,1305287862,25235,08:45:19:675337
8,1,1305313067,25205,08:45:19:700899
21,1,1305322627,36205,08:45:19:710260
8,0,1305338008,24941,08:45:19:725678
21,0,1305356577,33950,08:45:19:744175
8,1,1305363177,25169,08:45:19:751490
8,0,1305387912,24735,08:45:19:776042
21,1,1305391962,35385,08:45:19:779337
8,1,1305412258,24346,08:45:19:799816
21,0,1305425862,33900,08:45:19:814227
8,0,1305437407,25149,08:45:19:825602
21,1,1305461493,35631,08:45:19:849126
8,1,1305462552,25145,08:45:19:850390
8,0,1305487843,25291,08:45:19:876006
21,0,1305494788,33295,08:45:19:882338
8,1,1305512993,25150,08:45:19:900790
21,1,1305529243,34455,08:45:19:917212
8,0,1305538193,25200,08:45:19:926560
21,0,1305562013,32770,08:45:19:950180
8,1,1305563403,25210,08:45:19:951457
8,0,1305588568,25165,08:45:19:976044
21,1,1305596713,34700,08:45:19:984392
8,1,1305613688,25120,08:45:20:001825
21,0,1305629053,32340,08:45:20:017232
8,0,1305638928,25240,08:45:20:026612
21,1,1305663313,34260,08:45:20:051136
8,1,1305664128,25200,08:45:20:052391
8,0,1305688243,24115,08:45:20:075974
21,0,1305696338,33025,08:45:20:084244
8,1,1305713388,25145,08:45:20:101473
21,1,1305731398,35060,08:45:20:119711
8,0,1305738653,25265,08:45:20:126840
8,1,1305763803,25150,08:45:20:152133
21,0,1305764268,32870,08:45:20:152241
8,0,1305789013,25210,08:45:20:176764
21,1,1305798813,34545,08:45:20:187114
8,1,1305814193,25180,08:45:20:202508
21,0,1305831158,32345,08:45:20:218913
8,0,1305838393,24200,08:45:20:226231
8,1,1305863568,25175,08:45:20:251722
21,1,1305865569,34411,08:45:20:252980
8,0,1305888094,24526,08:45:20:276484
21,0,1305898194,32625,08:45:20:285826
8,1,1305913269,25175,08:45:20:301270
21,1,1305932579,34385,08:45:20:320706
8,0,1305938419,25150,08:45:20:326023
8,1,1305962234,23815,08:45:20:350506
21,0,1305966079,33500,08:45:20:353781
8,0,1305987209,24975,08:45:20:375257
21,1,1306001859,35780,08:45:20:389681
8,1,1306012379,25170,08:45:20:400034
21,0,1306035239,33380,08:45:20:423520
8,0,1306037619,25240,08:45:20:425784
8,1,1306062754,25135,08:45:20:450266
21,1,1306070329,35090,08:45:20:458597
8,0,1306087674,24920,08:45:20:475132
21,0,1306103554,33225,08:45:20:491597
8,1,1306112259,24585,08:45:20:499936
8,0,1306137544,25285,08:45:20:525430
21,1,1306138474,34920,08:45:20:526688
8,1,1306161719,24175,08:45:20:550191
21,0,1306171254,32780,08:45:20:559532
8,0,1306183129,21410,08:45:20:570887
8,1,1306204824,21695,08:45:20:592376
21,1,1306205604,34350,08:45:20:593636
8,0,1306229675,24851,08:45:20:617453
21,0,1306238800,33196,08:45:20:626877
8,1,1306254809,25134,08:45:20:642285
21,1,1306273820,35020,08:45:20:661733
8,0,1306279985,25176,08:45:20:668039
8,1,1306305215,25230,08:45:20:693574
21,0,1306306455,32635,08:45:20:694840
8,0,1306329540,24325,08:45:20:717307
21,1,1306340310,33855,08:45:20:728673
8,1,1306354685,25145,08:45:20:743057
21,0,1306372790,32480,08:45:20:760482
8,0,1306379655,24970,08:45:20:767789
8,1,1306404910,25255,08:45:20:793318
21,1,1306406980,34190,08:45:20:794573
8,0,1306430036,25126,08:45:20:818075
21,0,1306438815,31835,08:45:20:826413
8,1,1306454475,24439,08:45:20:842808
21,1,1306472660,33845,08:45:20:860231
8,0,1306479560,25085,08:45:20:867551
8,1,1306504760,25200,08:45:20:893065
21,0,1306505135,32475,08:45:20:893176
8,0,1306529525,24765,08:45:20:917665
21,1,1306538975,33840,08:45:20:927003
8,1,1306554640,25115,08:45:20:942397
21,0,1306569930,30955,08:45:20:957796
8,0,1306579790,25150,08:45:20:968148
21,1,1306602135,32205,08:45:20:989638
8,1,1306605025,25235,08:45:20:992916
8,0,1306629870,24845,08:45:21:017399
21,0,1306633245,31110,08:45:21:021691
8,1,1306655131,25261,08:45:21:043137
21,1,1306666391,33146,08:45:21:054489
8,0,1306680281,25150,08:45:21:067858
21,0,1306697326,30935,08:45:21:085478
8,1,1306703901,23620,08:45:21:091806
8,0,1306728951,25050,08:45:21:117316
21,1,1306729856,32530,08:45:21:118584
8,1,1306754166,25215,08:45:21:142059
21,0,1306761296,31440,08:45:21:149383
8,0,1306779316,25150,08:45:21:166804
21,1,1306795216,33920,08:45:21:183248
8,1,1306804606,25290,08:45:21:192586
21,0,1306826661,31445,08:45:21:215053
8,0,1306829846,25240,08:45:21:218335
8,1,1306854776,24930,08:45:21:242827
21,1,1306858861,32200,08:45:21:247130
8,0,1306879456,24680,08:45:21:267573
21,0,1306890346,31485,08:45:21:277924
8,1,1306903956,24500,08:45:21:292340
21,1,1306923626,33280,08:45:21:311795
8,0,1306929076,25120,08:45:21:317092
21,0,1306954201,30575,08:45:21:341631
8,1,1306954276,25200,08:45:21:342891
8,0,1306979391,25115,08:45:21:367389
21,1,1306985911,31710,08:45:21:373694
8,1,1307003982,24591,08:45:21:392166
21,0,1307016676,30765,08:45:21:404543
8,0,1307029186,25204,08:45:21:416910
21,1,1307048342,31666,08:45:21:436351
8,1,1307054537,25351,08:45:21:442659
21,0,1307077127,28785,08:45:21:465186
8,0,1307079542,25005,08:45:21:467464
8,1,1307104737,25195,08:45:21:492962
21,1,1307107307,30180,08:45:21:495261
8,0,1307129887,25150,08:45:21:517706
21,0,1307136787,29480,08:45:21:525035
8,1,1307154842,24955,08:45:21:542454
21,1,1307168292,31505,08:45:21:555835
8,0,1307179417,24575,08:45:21:567231
21,0,1307197087,28795,08:45:21:584751
8,1,1307204412,24995,08:45:21:592268
21,1,1307226612,29525,08:45:21:614937
8,0,1307229667,25255,08:45:21:617261
21,0,1307254952,28340,08:45:21:642962
8,1,1307255087,25420,08:45:21:643092
8,0,1307279462,24375,08:45:21:667781
21,1,1307284222,29270,08:45:21:672141
8,1,1307304692,25230,08:45:21:692812
21,0,1307312242,28020,08:45:21:700146
8,0,1307329582,24890,08:45:21:717554
21,1,1307342142,29900,08:45:21:729921
8,1,1307354822,25240,08:45:21:742287
21,0,1307371872,29730,08:45:21:759699
8,0,1307379973,25151,08:45:21:768025
8,1,1307404047,24074,08:45:21:791524
21,1,1307404157,32285,08:45:21:792783
8,0,1307429202,25155,08:45:21:817303
21,0,1307434003,29846,08:45:21:821589
8,1,1307454418,25216,08:45:21:842024
21,1,1307464753,30750,08:45:21:852372
8,0,1307479658,25240,08:45:21:867777
21,0,1307493288,28535,08:45:21:881158
8,1,1307504803,25145,08:45:21:892547
21,1,1307522888,29600,08:45:21:910976
8,0,1307529438,24635,08:45:21:917287
21,0,1307550448,27560,08:45:21:938744
8,1,1307553868,24430,08:45:21:942028
8,0,1307578918,25050,08:45:21:966503
21,1,1307579713,29265,08:45:21:967757
8,1,1307604123,25205,08:45:21:992273
21,0,1307608148,28435,08:45:21:996597
8,0,1307629328,25205,08:45:22:017072
21,1,1307638024,29876,08:45:22:026421
8,1,1307654463,25135,08:45:22:042827
21,0,1307665358,27334,08:45:22:053179
8,0,1307679553,25090,08:45:22:067563
21,1,1307694378,29020,08:45:22:081940
8,1,1307704433,24880,08:45:22:092316
21,0,1307721938,27560,08:45:22:109736
8,0,1307729688,25255,08:45:22:118106
21,1,1307750478,28540,08:45:22:138565
8,1,1307754883,25195,08:45:22:142849
21,0,1307777563,27085,08:45:22:165315
8,0,1307780024,25141,08:45:22:167592
8,1,1307805313,25289,08:45:22:193120
21,1,1307806723,29160,08:45:22:194374
8,0,1307830254,24941,08:45:22:217861
21,0,1307834534,27811,08:45:22:222154
8,1,1307854879,24625,08:45:22:242598
21,1,1307863344,28810,08:45:22:250923
8,0,1307879944,25065,08:45:22:268339
21,0,1307889749,26405,08:45:22:277701
8,1,1307903949,24005,08:45:22:292160
21,1,1307917584,27835,08:45:22:305547
8,0,1307929184,25235,08:45:22:316907
21,0,1307944864,27280,08:45:22:333319
8,1,1307954459,25275,08:45:22:342665
21,1,1307974514,29650,08:45:22:362127
8,0,1307979624,25165,08:45:22:367434
21,0,1308002674,28160,08:45:22:390950
8,1,1308004774,25150,08:45:22:393212
8,0,1308029939,25165,08:45:22:417715
21,1,1308032134,29460,08:45:22:419982
8,1,1308055389,25450,08:45:22:443452
21,0,1308060514,28380,08:45:22:448759
8,0,1308080234,24845,08:45:22:468204
21,1,1308090964,30450,08:45:22:478591
8,1,1308105464,25230,08:45:22:493018
21,0,1308119004,28040,08:45:22:507425
8,0,1308130219,24755,08:45:22:517776
21,1,1308146759,27755,08:45:22:535198
8,1,1308155089,24870,08:45:22:543526
21,0,1308172874,26115,08:45:22:560957
8,0,1308178969,23880,08:45:22:567270
21,1,1308201254,28380,08:45:22:589777
8,1,1308203909,24940,08:45:22:592079
21,0,1308227890,26636,08:45:22:615561
8,0,1308229089,25180,08:45:22:616820
8,1,1308254525,25436,08:45:22:642286
21,1,1308255715,27825,08:45:22:643547
8,0,1308279480,24955,08:45:22:668026
21,0,1308282660,26945,08:45:22:670294
8,1,1308304775,25295,08:45:22:692800
21,1,1308311515,28855,08:45:22:699113
8,0,1308329940,25165,08:45:22:717539
21,0,1308339100,27585,08:45:22:726879
8,1,1308355120,25180,08:45:22:743281
21,1,1308367680,28580,08:45:22:755653
8,0,1308379991,24871,08:45:22:768024
21,0,1308394650,26970,08:45:22:782414
8,1,1308405040,25049,08:45:22:792803
21,1,1308422675,28025,08:45:22:810259
8,0,1308429345,24305,08:45:22:817587
21,0,1308448685,26010,08:45:22:837018
8,1,1308454440,25095,08:45:22:842316
21,1,1308476200,27515,08:45:22:863775
8,0,1308479530,25090,08:45:22:867085
21,0,1308503105,26905,08:45:22:891588
8,1,1308504680,25150,08:45:22:892855
8,0,1308529820,25140,08:45:22:917344
21,1,1308531780,28675,08:45:22:919610
8,1,1308555045,25225,08:45:22:943083
21,0,1308558680,26900,08:45:22:946362
8,0,1308579761,24716,08:45:22:967822
21,1,1308586685,28005,08:45:22:975134
8,1,1308603951,24190,08:45:22:991540
21,0,1308614086,27401,08:45:23:001920
8,0,1308629146,25195,08:45:23:017332
21,1,1308642925,28839,08:45:23:030716
8,1,1308654326,25180,08:45:23:042072
21,0,1308669841,26916,08:45:23:057476
8,0,1308679486,25160,08:45:23:067827
21,1,1308698091,28250,08:45:23:086253
8,1,1308701426,21940,08:45:23:089522
8,0,1308722646,21220,08:45:23:111016
21,0,1308725596,27505,08:45:23:113284
8,1,1308746861,24215,08:45:23:134721
21,1,1308754546,28950,08:45:23:143056
8,0,1308771456,24595,08:45:23:159469
21,0,1308781076,26530,08:45:23:168797
8,1,1308796626,25170,08:45:23:184221
21,1,1308808496,27420,08:45:23:196646
8,0,1308821796,25170,08:45:23:210030
21,0,1308834766,26270,08:45:23:222400
8,1,1308846971,25175,08:45:23:234761
21,1,1308862751,27985,08:45:23:251204
8,0,1308872171,25200,08:45:23:260536
21,0,1308888226,25475,08:45:23:275970
8,1,1308897311,25140,08:45:23:285327
21,1,1308914821,26595,08:45:23:302753
8,0,1308921976,24665,08:45:23:310093
21,0,1308941061,26240,08:45:23:329540
8,1,1308946441,24465,08:45:23:334843
8,0,1308968086,21645,08:45:23:356291
21,1,1308969431,28370,08:45:23:357544
8,1,1308993291,25205,08:45:23:381017
21,0,1308996047,26616,08:45:23:384292
8,0,1309016342,23051,08:45:23:404768
21,1,1309023237,27190,08:45:23:411115
8,1,1309041542,25200,08:45:23:429541
21,0,1309049462,26225,08:45:23:437869
8,0,1309063307,21765,08:45:23:451246
21,1,1309077477,28015,08:45:23:465634
8,1,1309087302,23995,08:45:23:474977
21,0,1309104012,26535,08:45:23:492405
8,0,1309112482,25180,08:45:23:500772
21,1,1309131542,27530,08:45:23:519196
8,1,1309137652,25170,08:45:23:525508
21,0,1309157927,26385,08:45:23:545978
8,0,1309162442,24790,08:45:23:550321
21,1,1309186442,28515,08:45:23:574848
8,1,1309187552,25110,08:45:23:576108
21,0,1309212557,26115,08:45:23:600632
8,0,1309212727,25175,08:45:23:600745
8,1,1309238007,25280,08:45:23:626274
21,1,1309240013,27456,08:45:23:628545
8,0,1309263212,25205,08:45:23:650988
21,0,1309267082,27069,08:45:23:655279
8,1,1309288442,25230,08:45:23:676739
21,1,1309296192,29110,08:45:23:684056
8,0,1309313582,25140,08:45:23:701508
21,0,1309322987,26795,08:45:23:710854
8,1,1309338727,25145,08:45:23:727264
21,1,1309350642,27655,08:45:23:738627
8,0,1309363912,25185,08:45:23:752003
21,0,1309377547,26905,08:45:23:765382
8,1,1309388442,24530,08:45:23:776740
21,1,1309406383,28836,08:45:23:794157
8,0,1309413623,25181,08:45:23:801483
21,0,1309433197,26814,08:45:23:820922
8,1,1309438768,25145,08:45:23:827238
21,1,1309461578,28381,08:45:23:849696
8,0,1309463963,25195,08:45:23:851965
8,1,1309489003,25040,08:45:23:877456
21,0,1309489298,27720,08:45:23:877562
8,0,1309514238,25235,08:45:23:902080
21,1,1309518928,29630,08:45:23:907384
8,1,1309539108,24870,08:45:23:926800
21,0,1309546293,27365,08:45:23:934117
8,0,1309564433,25325,08:45:23:952682
21,1,1309574558,28265,08:45:23:963057
8,1,1309589558,25125,08:45:23:977449
21,0,1309601693,27135,08:45:23:989808
8,0,1309614758,25200,08:45:24:003312
21,1,1309630308,28615,08:45:24:018729
8,1,1309638433,23675,08:45:24:026076
21,0,1309656228,25920,08:45:24:044512
8,0,1309663658,25225,08:45:24:051831
21,1,1309683638,27410,08:45:24:071271
8,1,1309688029,24371,08:45:24:076581
21,0,1309710518,26880,08:45:24:098113
8,0,1309713103,25074,08:45:24:101421
8,1,1309735558,22455,08:45:24:123903
21,1,1309738728,28210,08:45:24:127190
8,0,1309758018,22460,08:45:24:145617
21,0,1309764818,26090,08:45:24:152918
8,1,1309779728,21710,08:45:24:168312
21,1,1309791508,26690,08:45:24:179676
8,0,1309804843,25115,08:45:24:193061
21,0,1309816583,25075,08:45:24:204458
8,1,1309829949,25106,08:45:24:217844
21,1,1309842794,26211,08:45:24:231224
8,0,1309855064,25115,08:45:24:242652
21,0,1309867874,25080,08:45:24:256066
8,1,1309880149,25085,08:45:24:268442
21,1,1309894804,26930,08:45:24:282834
8,0,1309904449,24300,08:45:24:292171
21,0,1309921219,26415,08:45:24:309629
8,1,1309929504,25055,08:45:24:317956
21,1,1309949739,28520,08:45:24:337399
8,0,1309954584,25080,08:45:24:342694
21,0,1309976129,26390,08:45:24:364154
8,1,1309979689,25105,08:45:24:367434
21,1,1310003619,27490,08:45:24:391924
8,0,1310004804,25115,08:45:24:393175
21,0,1310029779,26160,08:45:24:417701
8,1,1310030035,25231,08:45:24:417807
8,0,1310055114,25079,08:45:24:443309
21,1,1310056914,27135,08:45:24:444563
8,1,1310080319,25205,08:45:24:468034
21,0,1310081929,25015,08:45:24:470304
8,0,1310105514,25195,08:45:24:493782
21,1,1310108824,26895,08:45:24:497093
8,1,1310130719,25205,08:45:24:518580
21,0,1310135179,26355,08:45:24:522880
8,0,1310155539,24820,08:45:24:543324
21,1,1310162654,27475,08:45:24:550653
8,1,1310180800,25261,08:45:24:569104
21,0,1310188644,25990,08:45:24:576444
8,0,1310205910,25110,08:45:24:593859
21,1,1310215615,26971,08:45:24:604254
8,1,1310231170,25260,08:45:24:619659
21,0,1310242175,26560,08:45:24:630010
8,0,1310256320,25150,08:45:24:644403
21,1,1310270545,28370,08:45:24:658791
8,1,1310281550,25230,08:45:24:669157
21,0,1310296435,25890,08:45:24:684568
8,0,1310306815,25265,08:45:24:694923
21,1,1310323815,27380,08:45:24:712393
8,1,1310331980,25165,08:45:24:719710
21,0,1310350300,26485,08:45:24:738182
8,0,1310357230,25250,08:45:24:745502
21,1,1310377965,27665,08:45:24:765973
8,1,1310380545,23315,08:45:24:768269
21,0,1310403820,25855,08:45:24:791751
8,0,1310405690,25145,08:45:24:794014
8,1,1310429920,24230,08:45:24:817537
21,1,1310431435,27615,08:45:24:819836
8,0,1310454825,24905,08:45:24:843309
21,0,1310458205,26770,08:45:24:846594
8,1,1310478950,24125,08:45:24:867079
21,1,1310486185,27980,08:45:24:874396
8,0,1310504205,25255,08:45:24:891815
21,0,1310512660,26475,08:45:24:901160
8,1,1310529320,25115,08:45:24:917607
21,1,1310539861,27201,08:45:24:927967
8,0,1310554610,25290,08:45:24:942357
21,0,1310566155,26294,08:45:24:954733
8,1,1310579786,25176,08:45:24:968112
21,1,1310593755,27600,08:45:24:981496
8,0,1310604955,25169,08:45:24:992854
21,0,1310619646,25891,08:45:25:007281
8,1,1310630156,25201,08:45:25:018651
21,1,1310646996,27350,08:45:25:035061
8,0,1310655106,24950,08:45:25:043393
21,0,1310673581,26585,08:45:25:061831
8,1,1310680246,25140,08:45:25:068143
21,1,1310701536,27955,08:45:25:089597
8,0,1310705456,25210,08:45:25:093880
21,0,1310727611,26075,08:45:25:115374
8,1,1310729011,23555,08:45:25:117648
8,0,1310754226,25215,08:45:25:142130
21,1,1310754766,27155,08:45:25:143410
8,1,1310779451,25225,08:45:25:167904
21,0,1310781206,26440,08:45:25:169155
8,0,1310804621,25170,08:45:25:192603
21,1,1310809461,28255,08:45:25:197910
8,1,1310829791,25170,08:45:25:218362
21,0,1310835931,26470,08:45:25:223664
8,0,1310855031,25240,08:45:25:243130
21,1,1310863491,27560,08:45:25:251467
8,1,1310879036,24005,08:45:25:266865
21,0,1310889846,26355,08:45:25:278235
8,0,1310904181,25145,08:45:25:292630
21,1,1310917326,27480,08:45:25:305043
8,1,1310929376,25195,08:45:25:317409
21,0,1310943311,25985,08:45:25:331806
8,0,1310954551,25175,08:45:25:342157
21,1,1310970506,27195,08:45:25:358562
8,1,1310978976,24425,08:45:25:366880
21,0,1310996607,26101,08:45:25:384298
8,0,1311004272,25296,08:45:25:392630
21,1,1311024247,27640,08:45:25:412152
8,1,1311029392,25120,08:45:25:417467
21,0,1311050307,26060,08:45:25:437922
8,0,1311054682,25290,08:45:25:443207
21,1,1311077302,26995,08:45:25:465678
8,1,1311079857,25175,08:45:25:467950
21,0,1311103252,25950,08:45:25:491422
8,0,1311105037,25180,08:45:25:492680
8,1,1311130262,25225,08:45:25:518211
21,1,1311131237,27985,08:45:25:519471
8,0,1311155447,25185,08:45:25:543956
21,0,1311156737,25500,08:45:25:545216
8,1,1311180627,25180,08:45:25:568689
21,1,1311182977,26240,08:45:25:570954
8,0,1311205807,25180,08:45:25:593419
21,0,1311208172,25195,08:45:25:596698
8,1,1311231072,25265,08:45:25:619223
21,1,1311234727,26555,08:45:25:622502
8,0,1311256252,25180,08:45:25:643956
21,0,1311260617,25890,08:45:25:649260
8,1,1311280257,24005,08:45:25:668697
21,1,1311288772,28155,08:45:25:677027
8,0,1311303957,23700,08:45:25:692399
21,0,1311315892,27120,08:45:25:703762
8,1,1311329257,25300,08:45:25:717208
21,1,1311343612,27720,08:45:25:731601
8,0,1311354463,25206,08:45:25:742964
21,0,1311368618,25006,08:45:25:756369
8,1,1311379677,25214,08:45:25:767730
21,1,1311394863,26245,08:45:25:783149
8,0,1311403993,24316,08:45:25:792489
21,0,1311420378,25515,08:45:25:808938
8,1,1311429233,25240,08:45:25:817272
21,1,1311447423,27045,08:45:25:835704
8,0,1311454513,25280,08:45:25:843019
21,0,1311472368,24945,08:45:25:860443
8,1,1311479638,25125,08:45:25:867779
21,1,1311498918,26550,08:45:25:887240
8,0,1311503988,24350,08:45:25:892543
21,0,1311525413,26495,08:45:25:914036
8,1,1311529143,25155,08:45:25:917316
8,0,1311554019,24876,08:45:25:941804
21,1,1311554113,28700,08:45:25:943071
8,1,1311579103,25084,08:45:25:967554
21,0,1311580843,26730,08:45:25:968818
8,0,1311603994,24891,08:45:25:992297
21,1,1311608543,27700,08:45:25:996587
8,1,1311629193,25199,08:45:26:017078
21,0,1311634863,26320,08:45:26:023395
8,0,1311654468,25275,08:45:26:042833
21,1,1311662248,27385,08:45:26:050156
8,1,1311679553,25085,08:45:26:067580
21,0,1311688283,26035,08:45:26:076914
8,0,1311704468,24915,08:45:26:092318
21,1,1311715178,26895,08:45:26:103679
8,1,1311729028,24560,08:45:26:117100
21,0,1311741159,25981,08:45:26:129482
8,0,1311754293,25265,08:45:26:142858
21,1,1311768829,27670,08:45:26:157246
8,1,1311774914,20621,08:45:26:163547
21,0,1311794434,25605,08:45:26:182995
8,0,1311796849,21935,08:45:26:185254
21,1,1311820434,26000,08:45:26:208741
8,1,1311821494,24645,08:45:26:210005
21,0,1311845819,25385,08:45:26:233487
8,0,1311846699,25205,08:45:26:234739
8,1,1311871839,25140,08:45:26:260243
21,1,1311873484,27665,08:45:26:261497
8,0,1311896454,24615,08:45:26:284969
21,0,1311899359,25875,08:45:26:287245
8,1,1311921604,25150,08:45:26:309746
21,1,1311926414,27055,08:45:26:315042
8,0,1311946839,25235,08:45:26:334493
21,0,1311952059,25645,08:45:26:339796
8,1,1311971689,24850,08:45:26:360245
21,1,1311979339,27280,08:45:26:367570
8,0,1311996979,25290,08:45:26:384991
21,0,1312005164,25825,08:45:26:393315
8,1,1312022040,25061,08:45:26:409758
21,1,1312031874,26710,08:45:26:420121
8,0,1312045954,23914,08:45:26:434514
21,0,1312058269,26395,08:45:26:446888
8,1,1312070924,24970,08:45:26:459279
21,1,1312086249,27980,08:45:26:474680
8,0,1312092689,21765,08:45:26:481000
21,0,1312111764,25515,08:45:26:500456
8,1,1312113244,20555,08:45:26:501707
8,0,1312137679,24435,08:45:26:526236
21,1,1312138654,26890,08:45:26:527496
8,1,1312162769,25090,08:45:26:550975
21,0,1312164324,25670,08:45:26:552231
8,0,1312188835,26066,08:45:26:576720
21,1,1312191155,26831,08:45:26:578989
8,1,1312209475,20640,08:45:26:597408
21,0,1312216610,25455,08:45:26:604726
8,0,1312234735,25260,08:45:26:623188
21,1,1312244315,27705,08:45:26:632543
8,1,1312255870,21135,08:45:26:643907
21,0,1312271230,26915,08:45:26:659318
8,0,1312281015,25145,08:45:26:669672
21,1,1312298800,27570,08:45:26:687101
8,1,1312306081,25066,08:45:26:694435
21,0,1312324065,25265,08:45:26:711868
8,0,1312330315,24234,08:45:26:718191
21,1,1312350690,26625,08:45:26:738658
8,1,1312355570,25255,08:45:26:743954
21,0,1312376440,25750,08:45:26:764412
8,0,1312380360,24790,08:45:26:768706
21,1,1312403996,27556,08:45:26:792228
8,1,1312405480,25120,08:45:26:793486
21,0,1312429695,25699,08:45:26:818016
8,0,1312431130,25650,08:45:26:819275
8,1,1312455260,24130,08:45:26:843785
21,1,1312456120,26425,08:45:26:845041
8,0,1312478460,23200,08:45:26:866504
21,0,1312482031,25911,08:45:26:869783
8,1,1312504051,25591,08:45:26:892253
21,1,1312509915,27884,08:45:26:898564
8,0,1312528550,24499,08:45:26:917033
21,0,1312535615,25700,08:45:26:923351
8,1,1312556150,27600,08:45:26:944804
21,1,1312562405,26790,08:45:26:950129
8,0,1312580326,24176,08:45:26:968560
21,0,1312588451,26046,08:45:26:976896
8,1,1312605471,25145,08:45:26:993308
21,1,1312615651,27200,08:45:27:003661
8,0,1312628706,23235,08:45:27:017131
21,0,1312641171,25520,08:45:27:029505
8,1,1312655276,26570,08:45:27:043890
21,1,1312667906,26735,08:45:27:056266
8,0,1312680156,24880,08:45:27:068636
21,0,1312693756,25850,08:45:27:082023
8,1,1312705066,24910,08:45:27:093390
21,1,1312721421,27665,08:45:27:109802
8,0,1312729476,24410,08:45:27:117164
21,0,1312746886,25465,08:45:27:135591
8,1,1312756111,26635,08:45:27:143925
21,1,1312773191,26305,08:45:27:161340
8,0,1312777481,21370,08:45:27:165625
21,0,1312798706,25515,08:45:27:187086
8,1,1312803186,25705,08:45:27:191379
8,0,1312825326,22140,08:45:27:213848
21,1,1312825671,26965,08:45:27:213956
8,1,1312845997,20671,08:45:27:234399
21,0,1312850881,25210,08:45:27:238692
8,0,1312872116,26119,08:45:27:260128
21,1,1312877521,26640,08:45:27:265418
8,1,1312897266,25150,08:45:27:285947
21,0,1312903321,25800,08:45:27:291252
8,0,1312921561,24295,08:45:27:309667
21,1,1312930986,27665,08:45:27:319043
8,1,1312946766,25205,08:45:27:335449
21,0,1312956286,25300,08:45:27:344796
8,0,1312972067,25301,08:45:27:360213
21,1,1312982002,25716,08:45:27:370566
8,1,1312997362,25295,08:45:27:385979
21,0,1313006717,24715,08:45:27:395315
8,0,1313021302,23940,08:45:27:409696
21,1,1313033567,26850,08:45:27:422128
8,1,1313046487,25185,08:45:27:434497
21,0,1313058982,25415,08:45:27:446864
8,0,1313073777,27290,08:45:27:462262
21,1,1313085552,26570,08:45:27:473616
8,1,1313101252,27475,08:45:27:489006
21,0,1313110627,25075,08:45:27:499352
8,0,1313126372,25120,08:45:27:514783
21,1,1313136542,25915,08:45:27:525172
8,1,1313151052,24680,08:45:27:539564
21,0,1313160132,23590,08:45:27:547895
8,0,1313175022,23970,08:45:27:563280
21,1,1313185127,24995,08:45:27:573633
8,1,1313196547,21525,08:45:27:584982
21,0,1313209827,24700,08:45:27:598357
8,0,1313221487,24940,08:45:27:609709
21,1,1313236147,26320,08:45:27:624160
8,1,1313245582,24095,08:45:27:633504
21,0,1313260122,23975,08:45:27:647894
8,0,1313266018,20436,08:45:27:654197
21,1,1313285187,25065,08:45:27:673630
8,1,1313288073,22055,08:45:27:675923
21,0,1313310157,24970,08:45:27:698380
8,0,1313312812,24739,08:45:27:700674
21,1,1313336417,26260,08:45:27:724392
8,1,1313338043,25231,08:45:27:726741
21,0,1313360988,24571,08:45:27:749461
8,0,1313363202,25159,08:45:27:751788
21,1,1313386283,25295,08:45:27:774493
8,1,1313388343,25141,08:45:27:776839
21,0,1313410623,24340,08:45:27:798528
8,0,1313413203,24860,08:45:27:801872
21,1,1313435603,24980,08:45:27:823595
8,1,1313440318,27115,08:45:27:828920
21,0,1313458808,23205,08:45:27:847374
8,0,1313463113,22795,08:45:27:851672
21,1,1313482878,24070,08:45:27:871167
8,1,1313487878,24765,08:45:27:876471
21,0,1313506163,23285,08:45:27:893952
8,0,1313512738,24860,08:45:27:901302
21,1,1313531118,24955,08:45:27:919797
8,1,1313537238,24500,08:45:27:925099
21,0,1313554763,23645,08:45:27:942555
8,0,1313559468,22230,08:45:27:947890
21,1,1313579273,24510,08:45:27:967393
8,1,1313586888,27420,08:45:27:974695
21,0,1313602858,23585,08:45:27:991153
8,0,1313608888,22000,08:45:27:997482
21,1,1313627048,24190,08:45:28:014966
8,1,1313632028,23140,08:45:28:020300
21,0,1313649188,22140,08:45:28:037730
8,0,1313657098,25070,08:45:28:045093
21,1,1313672498,23310,08:45:28:060515
8,1,1313680293,23195,08:45:28:068855
21,0,1313695038,22540,08:45:28:083286
8,0,1313706148,25855,08:45:28:094662
21,1,1313718708,23670,08:45:28:107101
8,1,1313731298,25150,08:45:28:119520
21,0,1313740674,21966,08:45:28:128886
8,0,1313757134,25836,08:45:28:145324
21,1,1313763639,22965,08:45:28:151645
8,1,1313782494,25360,08:45:28:171140
21,0,1313785644,22005,08:45:28:173423
8,0,1313807714,25220,08:45:28:195947
21,1,1313809274,23630,08:45:28:197229
8,1,1313829429,21715,08:45:28:217738
21,0,1313831799,22525,08:45:28:220018
8,0,1313855129,25700,08:45:28:243522
21,1,1313855959,24160,08:45:28:244792
21,0,1313879294,23335,08:45:28:267333
8,1,1313879809,24680,08:45:28:268595
21,1,1313902734,23440,08:45:28:291125
8,0,1313905689,25880,08:45:28:293413
21,0,1313924509,21775,08:45:28:312874
8,1,1313930814,25125,08:45:28:319208
21,1,1313948124,23615,08:45:28:336648
8,0,1313956319,25505,08:45:28:345014
21,0,1313971434,23310,08:45:28:359427
8,1,1313980969,24650,08:45:28:368772
21,1,1313995749,24315,08:45:28:384193
8,0,1314004849,23880,08:45:28:392538
21,0,1314018559,22810,08:45:28:406960
8,1,1314025049,20200,08:45:28:413298
21,1,1314042224,23665,08:45:28:430772
8,0,1314046015,20966,08:45:28:434073
21,0,1314065469,23245,08:45:28:453529
8,1,1314071779,25764,08:45:28:459868
21,1,1314089724,24255,08:45:28:478333
8,0,1314096909,25130,08:45:28:485653
21,0,1314112584,22860,08:45:28:501131
8,1,1314117954,21045,08:45:28:506445
21,1,1314136539,23955,08:45:28:524941
8,0,1314140515,22561,08:45:28:529254
21,0,1314159100,22561,08:45:28:547709
8,1,1314163160,22645,08:45:28:551009
21,1,1314182950,23850,08:45:28:571493
8,0,1314188260,25100,08:45:28:576809
21,0,1314205805,22855,08:45:28:594270
8,1,1314212760,24500,08:45:28:600593
21,1,1314229390,23585,08:45:28:618116
8,0,1314241090,28330,08:45:28:629497
21,0,1314252510,23120,08:45:28:640872
8,1,1314266120,25030,08:45:28:654291
21,1,1314277240,24730,08:45:28:665668
8,0,1314288620,22500,08:45:28:677102
21,0,1314299850,22610,08:45:28:688479
8,1,1314314240,25620,08:45:28:702889
21,1,1314323450,23600,08:45:28:711254
8,0,1314340031,25791,08:45:28:728738
21,0,1314345955,22505,08:45:28:734061
8,1,1314362155,22124,08:45:28:750489
21,1,1314369480,23525,08:45:28:757827
8,0,1314384355,22200,08:45:28:772241
21,0,1314391770,22290,08:45:28:779576
8,1,1314406590,22235,08:45:28:795000
21,1,1314415660,23890,08:45:28:804371
8,0,1314428560,21970,08:45:28:816765
21,0,1314438645,22985,08:45:28:827166
8,1,1314454925,26365,08:45:28:843590
21,1,1314463435,24790,08:45:28:851954
8,0,1314478961,24036,08:45:28:867383
21,0,1314486975,23540,08:45:28:874707
8,1,1314505420,26459,08:45:28:894200
21,1,1314512006,25031,08:45:28:900557
8,0,1314528665,23245,08:45:28:916995
21,0,1314535691,23685,08:45:28:924361
8,1,1314554321,25656,08:45:28:942817
21,1,1314560596,24905,08:45:28:949155
8,0,1314579426,25105,08:45:28:967600
21,0,1314583761,23165,08:45:28:971903
8,1,1314601596,22170,08:45:28:989351
21,1,1314608201,24440,08:45:28:996661
8,0,1314627251,25655,08:45:29:015192
21,0,1314632756,24555,08:45:29:021577
8,1,1314649751,22500,08:45:29:038024
21,1,1314657976,25220,08:45:29:046375
8,0,1314673401,23650,08:45:29:061786
21,0,1314681626,23650,08:45:29:070136
8,1,1314696161,22760,08:45:29:084534
21,1,1314706481,24855,08:45:29:094910
8,0,1314721276,25115,08:45:29:109355
21,0,1314730416,23935,08:45:29:118741
8,1,1314743276,22000,08:45:29:131146
21,1,1314755491,25075,08:45:29:143529
8,0,1314766017,22741,08:45:29:153896
21,0,1314779146,23655,08:45:29:167333
8,1,1314790661,24644,08:45:29:178707
21,1,1314804226,25080,08:45:29:192197
8,0,1314812421,21760,08:45:29:200582
21,0,1314828586,24360,08:45:29:217074
8,1,1314837891,25470,08:45:29:226490
21,1,1314854706,26120,08:45:29:242925
8,0,1314862836,24945,08:45:29:251284
21,0,1314879276,24570,08:45:29:267714
8,1,1314888107,25271,08:45:29:276082
21,1,1314905341,26065,08:45:29:293537
8,0,1314912811,24704,08:45:29:300868
21,0,1314929831,24490,08:45:29:318318
8,1,1314939342,26531,08:45:29:327723
21,1,1314954782,24951,08:45:29:343164
8,0,1314964022,24680,08:45:29:352513
21,0,1314978297,23515,08:45:29:366928
8,1,1314987787,23765,08:45:29:376305
21,1,1315003317,25020,08:45:29:391724
8,0,1315012877,25090,08:45:29:401119
21,0,1315027647,24330,08:45:29:415524
8,1,1315037932,25055,08:45:29:425950
21,1,1315053602,25955,08:45:29:441398
8,0,1315061857,23925,08:45:29:449746
21,0,1315077897,24295,08:45:29:466192
8,1,1315086792,24935,08:45:29:475535
21,1,1315103542,25645,08:45:29:491981
8,0,1315112527,25735,08:45:29:500346
21,0,1315127677,24135,08:45:29:515760
8,1,1315138737,26210,08:45:29:527209
21,1,1315153162,25485,08:45:29:541620
8,0,1315162797,24060,08:45:29:550988
21,0,1315177782,24620,08:45:29:566414
8,1,1315188008,25211,08:45:29:576796
21,1,1315204157,26375,08:45:29:592218
8,0,1315208737,20729,08:45:29:603634
21,0,1315229872,25715,08:45:29:618821
8,1,1315238567,29830,08:45:29:626950
21,1,1315256302,26430,08:45:29:644401
8,0,1315263662,25095,08:45:29:651741
21,0,1315281002,24700,08:45:29:669234
8,1,1315288982,25320,08:45:29:677575
21,1,1315306977,25975,08:45:29:695030
8,0,1315312337,23355,08:45:29:700359
21,0,1315331722,24745,08:45:29:719813
8,1,1315337518,25181,08:45:29:726181
21,1,1315357573,25851,08:45:29:745640
8,0,1315362813,25295,08:45:29:750967
21,0,1315381938,24365,08:45:29:770444
8,1,1315388788,25975,08:45:29:776764
21,1,1315407298,25360,08:45:29:795229
8,0,1315414048,25260,08:45:29:802555
21,0,1315431908,24610,08:45:29:820009
8,1,1315438488,24440,08:45:29:826387
21,1,1315457743,25835,08:45:29:845847
8,0,1315459258,20770,08:45:29:847177
21,0,1315481683,23940,08:45:29:869665
8,1,1315483138,23880,08:45:29:871940
8,0,1315503893,20755,08:45:29:892420
21,1,1315507308,25625,08:45:29:895707
8,1,1315527983,24090,08:45:29:916216
21,0,1315532338,25030,08:45:29:920513
8,0,1315555578,27595,08:45:29:944079
21,1,1315557898,25560,08:45:29:946365
8,1,1315579253,23675,08:45:29:967835
21,0,1315581243,23345,08:45:29:970111
8,0,1315604513,25260,08:45:29:992593
21,1,1315606183,24940,08:45:29:994865
8,1,1315629608,25095,08:45:30:018361
21,0,1315630168,23985,08:45:30:018477
21,1,1315655988,25820,08:45:30:044031
8,0,1315656093,26485,08:45:30:044151
21,0,1315679738,23750,08:45:30:067655
8,1,1315680503,24410,08:45:30:068913
21,1,1315704579,24841,08:45:30:092429
8,0,1315706443,25940,08:45:30:094709
21,0,1315728128,23549,08:45:30:116226
8,1,1315731618,25175,08:45:30:119513
21,1,1315753399,25271,08:45:30:142066
8,0,1315755599,23981,08:45:30:144350
8,1,1315777089,21490,08:45:30:165826
21,0,1315777254,23855,08:45:30:165988
8,0,1315797844,20755,08:45:30:186511
21,1,1315802004,24750,08:45:30:190811
8,1,1315821054,23210,08:45:30:209300
21,0,1315826234,24230,08:45:30:214605
8,0,1315846144,25090,08:45:30:234110
21,1,1315851349,25115,08:45:30:239432
8,1,1315872024,25880,08:45:30:259919
21,0,1315874879,23530,08:45:30:263217
8,0,1315897499,25475,08:45:30:285703
21,1,1315899854,24975,08:45:30:287991
8,1,1315922969,25470,08:45:30:311504
21,0,1315924519,24665,08:45:30:312765
8,0,1315946239,23270,08:45:30:334344
21,1,1315950105,25586,08:45:30:338653
8,1,1315971944,25705,08:45:30:360154
21,0,1315974424,24319,08:45:30:362424
8,0,1315997059,25115,08:45:30:384911
21,1,1315999699,25275,08:45:30:388215
8,1,1316021949,24890,08:45:30:410695
21,0,1316023709,24010,08:45:30:411972
8,0,1316047099,25150,08:45:30:435525
21,1,1316049119,25410,08:45:30:437800
8,1,1316071569,24470,08:45:30:460314
21,0,1316072574,23455,08:45:30:461575
8,0,1316094774,23205,08:45:30:483057
21,1,1316096959,24385,08:45:30:485338
21,0,1316120080,23121,08:45:30:508849
8,1,1316120134,25360,08:45:30:508975
21,1,1316144760,24680,08:45:30:533541
8,0,1316145870,25736,08:45:30:534797
21,0,1316168295,23535,08:45:30:556337
8,1,1316170995,25125,08:45:30:559625
21,1,1316193260,24965,08:45:30:581135
8,0,1316196095,25100,08:45:30:584421
21,0,1316216940,23680,08:45:30:604891
8,1,1316221705,25610,08:45:30:610223
21,1,1316242325,25385,08:45:30:630734
8,0,1316246815,25110,08:45:30:635032
21,0,1316265305,22980,08:45:30:653494
8,1,1316271525,24710,08:45:30:659816
21,1,1316289785,24480,08:45:30:678280
8,0,1316296645,25120,08:45:30:684628
21,0,1316313580,23795,08:45:30:702133
8,1,1316322875,26230,08:45:30:711495
21,1,1316339080,25500,08:45:30:726974
8,0,1316347005,24130,08:45:30:735349
21,0,1316362870,23790,08:45:30:750779
8,1,1316371505,24500,08:45:30:760145
21,1,1316388046,25176,08:45:30:776579
8,0,1316395385,23880,08:45:30:783913
21,0,1316412106,24060,08:45:30:800376
8,1,1316420770,25385,08:45:30:808735
21,1,1316436990,24884,08:45:30:825233
8,0,1316442380,21610,08:45:30:830557
21,0,1316460495,23505,08:45:30:849015
8,1,1316467715,25335,08:45:30:856367
21,1,1316485925,25430,08:45:30:873809
8,0,1316491445,23730,08:45:30:880163
21,0,1316510790,24865,08:45:30:899633
8,1,1316516685,25240,08:45:30:904944
21,1,1316536756,25966,08:45:30:925468
8,0,1316538001,21316,08:45:30:926733
21,0,1316560521,23765,08:45:30:949238
8,1,1316562301,24300,08:45:30:950499
21,1,1316585576,25055,08:45:30:974002
8,0,1316588066,25765,08:45:30:976281
21,0,1316609886,24310,08:45:30:998773
8,1,1316612741,24675,08:45:31:001047
21,1,1316635716,25830,08:45:31:023560
8,0,1316638037,25296,08:45:31:026885
21,0,1316659461,23745,08:45:31:047367
8,1,1316662746,24709,08:45:31:050665
21,1,1316684486,25025,08:45:31:073170
8,0,1316687926,25180,08:45:31:076455
21,0,1316708411,23925,08:45:31:096926
8,1,1316713161,25235,08:45:31:101232
21,1,1316733901,25490,08:45:31:122709
8,0,1316739516,26355,08:45:31:128099
21,0,1316757261,23360,08:45:31:145544
8,1,1316761961,22445,08:45:31:149841
21,1,1316782466,25205,08:45:31:170320
8,0,1316788816,26855,08:45:31:177655
21,0,1316806536,24070,08:45:31:195091
8,1,1316812431,23615,08:45:31:200411
21,1,1316832486,25950,08:45:31:220888
8,0,1316837786,25355,08:45:31:226243
21,0,1316857336,24850,08:45:31:245692
8,1,1316862351,24565,08:45:31:251002
21,1,1316883976,26640,08:45:31:272504
8,0,1316887881,25530,08:45:31:275788
21,0,1316909511,25535,08:45:31:298364
8,1,1316913526,25645,08:45:31:301669
21,1,1316935897,26386,08:45:31:324198
8,0,1316938292,24766,08:45:31:326513
8,1,1316960292,22000,08:45:31:349148
21,0,1316960567,24670,08:45:31:349267
8,0,1316981847,21555,08:45:31:369733
21,1,1316985917,25350,08:45:31:374026
8,1,1317007047,25200,08:45:31:395509
21,0,1317009602,23685,08:45:31:397791
8,0,1317032112,25065,08:45:31:420310
21,1,1317034697,25095,08:45:31:422583
8,1,1317057232,25120,08:45:31:445115
21,0,1317058432,23735,08:45:31:446384
8,0,1317082442,25210,08:45:31:470887
21,1,1317083422,24990,08:45:31:472163
8,1,1317105027,22585,08:45:31:493639
21,0,1317107632,24210,08:45:31:495954
8,0,1317129052,24025,08:45:31:517448
21,1,1317132922,25290,08:45:31:521742
8,1,1317154118,25066,08:45:31:542297
21,0,1317156132,23210,08:45:31:544580
8,0,1317179232,25114,08:45:31:567097
21,1,1317180122,23990,08:45:31:568369
21,0,1317203377,23255,08:45:31:591861
8,1,1317204127,24895,08:45:31:593116
21,1,1317227787,24410,08:45:31:616615
8,0,1317229037,24910,08:45:31:617871
21,0,1317250827,23040,08:45:31:639392
8,1,1317254222,25185,08:45:31:642672
21,1,1317275627,24800,08:45:31:664177
8,0,1317279397,25175,08:45:31:667461
21,0,1317300147,24520,08:45:31:688924
8,1,1317304517,25120,08:45:31:693225
21,1,1317326038,25891,08:45:31:714700
8,0,1317329542,25025,08:45:31:717982
21,0,1317349698,23660,08:45:31:738502
8,1,1317354728,25186,08:45:31:742805
21,1,1317374353,24655,08:45:31:762249
8,0,1317379873,25145,08:45:31:768576
21,0,1317398478,24125,08:45:31:787024
8,1,1317405083,25210,08:45:31:793356
21,1,1317423418,24940,08:45:31:811794
8,0,1317430403,25320,08:45:31:819135
21,0,1317446783,23365,08:45:31:835606
8,1,1317452583,22180,08:45:31:840917
21,1,1317472113,25330,08:45:31:860387
8,0,1317477623,25040,08:45:31:865689
21,0,1317496613,24500,08:45:31:885218
8,1,1317503073,25450,08:45:31:891547
21,1,1317521538,24925,08:45:31:909994
8,0,1317525213,22140,08:45:31:913275
21,0,1317544503,22965,08:45:31:932769
8,1,1317549868,24655,08:45:31:938119
21,1,1317569263,24760,08:45:31:957594
8,0,1317575208,25340,08:45:31:963920
21,0,1317593228,23965,08:45:31:981402
8,1,1317600533,25325,08:45:31:988736
21,1,1317618593,25365,08:45:32:007254
8,0,1317629538,29005,08:45:32:017625
21,0,1317642453,23860,08:45:32:031073
8,1,1317654658,25120,08:45:32:043465
21,1,1317667368,24915,08:45:32:055827
8,0,1317679783,25125,08:45:32:068264
21,0,1317691428,24060,08:45:32:079640
8,1,1317705018,25235,08:45:32:093042
21,1,1317717229,25801,08:45:32:105437
8,0,1317730224,25206,08:45:32:118841
21,0,1317740989,23760,08:45:32:129256
8,1,1317755199,24975,08:45:32:143666
21,1,1317765779,24790,08:45:32:154028
8,0,1317780024,24825,08:45:32:168459
21,0,1317789774,23995,08:45:32:177810
8,1,1317805259,25235,08:45:32:193236
21,1,1317814664,24890,08:45:32:202584
8,0,1317830289,25030,08:45:32:219012
21,0,1317837734,23070,08:45:32:226346
8,1,1317855554,25265,08:45:32:243803
21,1,1317861944,24210,08:45:32:250167
8,0,1317879649,24095,08:45:32:267600
21,0,1317885479,23535,08:45:32:273915
8,1,1317906354,26705,08:45:32:294388
21,1,1317910409,24930,08:45:32:298689
8,0,1317929824,23470,08:45:32:318164
21,0,1317934349,23940,08:45:32:322463
8,1,1317956594,26770,08:45:32:344995
21,1,1317960010,25661,08:45:32:348299
21,0,1317984409,24399,08:45:32:372789
8,0,1317986819,30225,08:45:32:375073
8,1,1318008095,21276,08:45:32:396570
21,1,1318009689,25280,08:45:32:397833
8,0,1318031274,23179,08:45:32:419317
21,0,1318033024,23335,08:45:32:421598
8,1,1318056100,24826,08:45:32:444190
21,1,1318056964,23940,08:45:32:445474
8,0,1318079540,23440,08:45:32:467964
21,0,1318080514,23550,08:45:32:469240
8,1,1318104539,24999,08:45:32:492740
21,1,1318105674,25160,08:45:32:494007
21,0,1318128900,23226,08:45:32:517521
8,0,1318129695,25156,08:45:32:518786
21,1,1318152950,24050,08:45:32:541351
8,1,1318154940,25245,08:45:32:543628
21,0,1318176110,23160,08:45:32:564103
8,0,1318179530,24590,08:45:32:568419
21,1,1318200000,23890,08:45:32:588891
8,1,1318203525,23995,08:45:32:592191
21,0,1318222285,22285,08:45:32:610641
8,0,1318224875,21350,08:45:32:612911
21,1,1318245550,23265,08:45:32:634445
8,1,1318247875,23000,08:45:32:636723
21,0,1318267955,22405,08:45:32:656232
8,0,1318272230,24355,08:45:32:660526
21,1,1318291550,23595,08:45:32:679983
8,1,1318297390,25160,08:45:32:686302
21,0,1318314125,22575,08:45:32:702727
8,0,1318322210,24820,08:45:32:711078
21,1,1318337965,23840,08:45:32:726511
8,1,1318344800,22590,08:45:32:732817
21,0,1318361550,23585,08:45:32:750283
8,0,1318373065,28265,08:45:32:761650
21,1,1318386180,24630,08:45:32:775057
8,1,1318398180,25115,08:45:32:786460
21,0,1318409720,23540,08:45:32:797833
8,0,1318423330,25150,08:45:32:811239
21,1,1318434705,24985,08:45:32:822625
8,1,1318443640,20310,08:45:32:832056
21,0,1318458345,23640,08:45:32:846482
8,0,1318466536,22896,08:45:32:854817
21,1,1318483370,25025,08:45:32:871306
8,1,1318491855,25319,08:45:32:880670
21,0,1318506696,23326,08:45:32:895093
8,0,1318515120,23265,08:45:32:903448
21,1,1318530496,23800,08:45:32:918867
8,1,1318537531,22411,08:45:32:926233
21,0,1318554041,23545,08:45:32:942701
8,0,1318562326,24795,08:45:32:951055
21,1,1318578711,24670,08:45:32:967503
8,1,1318583266,20940,08:45:32:971793
21,0,1318601966,23255,08:45:32:990270
8,0,1318604201,20935,08:45:32:992544
21,1,1318625936,23970,08:45:33:014020
8,1,1318629206,25005,08:45:33:017309
21,0,1318649471,23535,08:45:33:037812
8,0,1318655181,25975,08:45:33:043124
21,1,1318674106,24635,08:45:33:062610
8,1,1318679536,24355,08:45:33:067912
21,0,1318697251,23145,08:45:33:085389
8,0,1318704911,25375,08:45:33:093765
21,1,1318721216,23965,08:45:33:109240
8,1,1318729886,24975,08:45:33:118585
21,0,1318744236,23020,08:45:33:133051
8,0,1318755616,25730,08:45:33:144444
21,1,1318768186,23950,08:45:33:156833
8,1,1318779566,23950,08:45:33:168233
21,0,1318790281,22095,08:45:33:178588
8,0,1318805176,25610,08:45:33:194011
21,1,1318813866,23585,08:45:33:202362
8,1,1318825441,20265,08:45:33:213731
21,0,1318836726,22860,08:45:33:225102
8,0,1318852276,26835,08:45:33:240579
21,1,1318860796,24070,08:45:33:248931
8,1,1318873446,21170,08:45:33:262322
21,0,1318883606,22810,08:45:33:271680
8,0,1318898551,25105,08:45:33:287104
21,1,1318907141,23535,08:45:33:295467
8,1,1318922862,24311,08:45:33:310885
21,0,1318930217,23076,08:45:33:318224
8,0,1318945857,22995,08:45:33:334682
21,1,1318954517,24300,08:45:33:343043
8,1,1318970707,24850,08:45:33:359478
21,0,1318977252,22735,08:45:33:365794
8,0,1318994357,23650,08:45:33:382283
21,1,1319001422,24170,08:45:33:389625
8,1,1319019647,25290,08:45:33:408088
21,0,1319024537,23115,08:45:33:413392
8,0,1319046607,26960,08:45:33:434911
21,1,1319048402,23865,08:45:33:437210
21,0,1319070037,21635,08:45:33:458698
8,1,1319071432,24825,08:45:33:459956
21,1,1319093217,23180,08:45:33:481453
8,0,1319095947,24515,08:45:33:484735
21,0,1319115517,22300,08:45:33:504303
8,1,1319123002,27055,08:45:33:511668
21,1,1319138682,23165,08:45:33:527110
8,0,1319147392,24390,08:45:33:535509
21,0,1319160222,21540,08:45:33:548908
8,1,1319170697,23305,08:45:33:559304
21,1,1319183402,23180,08:45:33:571687
8,0,1319195247,24550,08:45:33:584077
21,0,1319206272,22870,08:45:33:594457
8,1,1319222642,27395,08:45:33:610885
21,1,1319230437,24165,08:45:33:619268
8,0,1319246197,23555,08:45:33:634712
21,0,1319252602,22165,08:45:33:641038
8,1,1319269042,22845,08:45:33:657488
21,1,1319276042,23440,08:45:33:664814
8,0,1319292692,23650,08:45:33:681286
21,0,1319298352,22310,08:45:33:686605
8,1,1319319623,26931,08:45:33:708122
21,1,1319321688,23336,08:45:33:710404
8,0,1319342973,23350,08:45:33:731869
21,0,1319343823,22135,08:45:33:731976
8,1,1319365028,22055,08:45:33:753537
21,1,1319367063,23240,08:45:33:755809
8,0,1319388543,23515,08:45:33:777342
21,0,1319390533,23470,08:45:33:778606
8,1,1319412008,23465,08:45:33:800103
21,1,1319414693,24160,08:45:33:803392
21,0,1319436828,22135,08:45:33:824863
8,0,1319437168,25160,08:45:33:826159
21,1,1319459848,23020,08:45:33:848695
8,1,1319462273,25105,08:45:33:850967
21,0,1319481528,21680,08:45:33:870460
8,0,1319487553,25280,08:45:33:875764
21,1,1319504293,22765,08:45:33:893201
8,1,1319512578,25025,08:45:33:900533
21,0,1319525653,21360,08:45:33:913929
8,0,1319537303,24725,08:45:33:925315
21,1,1319548673,23020,08:45:33:936727
8,1,1319559558,22255,08:45:33:948113
21,0,1319570803,22130,08:45:33:959497
8,0,1319583328,23770,08:45:33:971881
21,1,1319594393,23590,08:45:33:983269
8,1,1319609538,26210,08:45:33:997685
21,0,1319616628,22235,08:45:34:005020
8,0,1319637153,27615,08:45:34:025507
21,1,1319640098,23470,08:45:34:028805
8,1,1319662323,25170,08:45:34:050355
21,0,1319662848,22750,08:45:34:051621
21,1,1319686918,24070,08:45:34:075147
8,0,1319689893,27570,08:45:34:078447
21,0,1319709224,22306,08:45:34:097882
8,1,1319710464,20571,08:45:34:099147
21,1,1319732609,23385,08:45:34:120630
8,0,1319732899,22435,08:45:34:121915
21,0,1319754514,21905,08:45:34:143495
8,1,1319755944,23045,08:45:34:144756
21,1,1319777709,23195,08:45:34:166253
8,0,1319786714,30770,08:45:34:175592
21,0,1319799744,22035,08:45:34:187981
8,1,1319811559,24845,08:45:34:200381
21,1,1319823304,23560,08:45:34:211760
8,0,1319836729,25170,08:45:34:225183
21,0,1319845844,22540,08:45:34:234546
8,1,1319859274,22545,08:45:34:247981
21,1,1319869484,23640,08:45:34:258357
8,0,1319887639,28365,08:45:34:275801
21,0,1319891364,21880,08:45:34:280133
8,1,1319912734,25095,08:45:34:302902
21,1,1319914504,23140,08:45:34:308285
21,0,1319937164,22660,08:45:34:328676
